PLAYER_NAME,MVP_PROBABILITY
Shai Gilgeous-Alexander,0.1731643863643246
Nikola Jokić,0.16816510030370693
Victor Wembanyama,0.13865353428189328
Luka Dončić,0.13264414831898683
Cade Cunningham,0.08926359093456294
Jayson Tatum,0.057752833904300485
Giannis Antetokounmpo,0.04400744878282639
Jaylen Brown,0.03394647392920261
Kawhi Leonard,0.02144910579474915
Chet Holmgren,0.014543413347973936
Anthony Edwards,0.013395473828362457
Jalen Duren,0.012535475671606785
Donovan Mitchell,0.012072595824282975
